id;first_name;last_name;email;general_knowledge
1;Torrey;Swift;Novella_Wiza37@hotmail.com;orchestrate Concrete COM
2;Consuelo;Hammes;Ken97@hotmail.com;GB Antarctica virtual
3;Tiana;Strosin;Francis.Lebsack@hotmail.com;bypassing
4;Derick;Vandervort;Lafayette10@hotmail.com;Director Games
5;Zachary;Blanda;Annabell82@hotmail.com;Sports copy Pants
6;Jaleel;Gleichner;Amparo_Lueilwitz@gmail.com;SDD
7;Gaetano;Johns;Marietta_Reynolds@gmail.com;Pound bypass dynamic
8;Norris;McKenzie;Valentine78@yahoo.com;circuit solution-oriented
9;Agustina;Padberg;Ora.Skiles92@gmail.com;budgetary microchip SCSI
10;Dana;Willms;Jeanne_Koss@hotmail.com;tan Communications
